index,lat_deg,lon_deg,cumulative_surface_distance_km,cumulative_flight_distance_km,density_kg_m3,temperature_k
1,59.858600,17.638900,0.000,0.000,0.06972452,213.873
2,59.972760,17.586072,13.031,13.075,0.06970908,213.868
3,60.086906,17.532863,26.063,26.150,0.06969365,213.863
4,60.201036,17.479255,39.096,39.227,0.06967862,213.859
5,60.315148,17.425231,52.130,52.305,0.06966332,213.854
6,60.429239,17.370775,65.165,65.383,0.06964816,213.849
7,60.543307,17.315868,78.200,78.462,0.06963307,213.844
8,60.657350,17.260494,91.237,91.542,0.06961785,213.838
9,60.771366,17.204635,104.274,104.623,0.06960270,213.833
10,60.885353,17.148271,117.311,117.704,0.06958775,213.828
11,60.999309,17.091385,130.350,130.786,0.06957281,213.822
12,61.113232,17.033958,143.389,143.869,0.06955800,213.817
13,61.227119,16.975971,156.429,156.953,0.06954300,213.811
14,61.340970,16.917404,169.469,170.037,0.06952812,213.805
15,61.454783,16.858238,182.511,183.122,0.06951346,213.799
16,61.568555,16.798453,195.553,196.208,0.06949879,213.793
17,61.682285,16.738027,208.596,209.294,0.06948407,213.787
18,61.795970,16.676941,221.640,222.382,0.06946940,213.781
19,61.909611,16.615174,234.685,235.471,0.06945507,213.775
20,62.023203,16.552704,247.731,248.561,0.06944042,213.769
21,62.136747,16.489510,260.778,261.651,0.06942597,213.762
22,62.250241,16.425568,273.827,274.744,0.06941166,213.756
23,62.363682,16.360858,286.876,287.837,0.06939721,213.749
24,62.477070,16.295356,299.928,300.932,0.06938276,213.743
25,62.590402,16.229039,312.981,314.029,0.06936859,213.736
26,62.703678,16.161883,326.035,327.127,0.06935435,213.730
27,62.816896,16.093865,339.092,340.227,0.06934030,213.723
28,62.930055,16.024959,352.150,353.330,0.06932614,213.716
29,63.043152,15.955142,365.211,366.434,0.06931204,213.709
30,63.156187,15.884387,378.274,379.541,0.06929807,213.702
31,63.269159,15.812670,391.340,392.651,0.06928418,213.695
32,63.382065,15.739964,404.409,405.763,0.06927028,213.688
33,63.494905,15.666243,417.481,418.879,0.06925657,213.681
34,63.607678,15.591481,430.556,431.998,0.06924276,213.674
35,63.720382,15.515665,443.634,445.120,0.06922907,213.667
36,63.833017,15.438794,456.716,458.245,0.06921545,213.660
37,63.945583,15.360866,469.800,471.374,0.06920183,213.653
38,64.058080,15.281880,482.889,484.506,0.06918828,213.646
39,64.170507,15.201832,495.980,497.641,0.06917480,213.638
40,64.282864,15.120722,509.074,510.779,0.06916144,213.631
41,64.395150,15.038547,522.172,523.921,0.06914816,213.624
42,64.507365,14.955305,535.273,537.065,0.06913482,213.616
43,64.619509,14.870994,548.377,550.213,0.06912161,213.609
44,64.731580,14.785612,561.483,563.364,0.06910846,213.602
45,64.843580,14.699157,574.593,576.517,0.06909533,213.594
46,64.955507,14.611627,587.706,589.674,0.06908219,213.587
47,65.067361,14.523020,600.821,602.834,0.06906918,213.580
48,65.179142,14.433332,613.940,615.996,0.06905618,213.572
49,65.290848,14.342563,627.061,629.161,0.06904331,213.565
50,65.402481,14.250709,640.185,642.328,0.06903038,213.557
51,65.514038,14.157769,653.311,655.499,0.06901759,213.550
52,65.625520,14.063740,666.440,668.672,0.06900485,213.542
53,65.736927,13.968619,679.571,681.847,0.06899224,213.535
54,65.848258,13.872403,692.705,695.025,0.06897940,213.528
55,65.959512,13.775092,705.841,708.205,0.06896693,213.520
56,66.070689,13.676681,718.979,721.387,0.06895434,213.513
57,66.181789,13.577168,732.119,734.571,0.06894195,213.505
58,66.292811,13.476551,745.262,747.758,0.06892937,213.498
59,66.403755,13.374826,758.406,760.946,0.06891717,213.491
60,66.514620,13.271991,771.553,774.137,0.06890465,213.483
61,66.625406,13.168044,784.701,787.329,0.06889246,213.476
62,66.736112,13.062981,797.851,800.523,0.06888022,213.469
63,66.846738,12.956799,811.003,813.719,0.06886791,213.462
64,66.957284,12.849496,824.156,826.916,0.06885592,213.454
65,67.067749,12.741068,837.311,840.115,0.06884374,213.447
66,67.178133,12.631513,850.467,853.315,0.06883176,213.440
67,67.288435,12.520827,863.624,866.516,0.06881972,213.433
68,67.398654,12.409007,876.782,879.719,0.06880794,213.426
69,67.508792,12.296050,889.942,892.922,0.06879597,213.419
70,67.618846,12.181952,903.103,906.127,0.06878432,213.412
71,67.728817,12.066711,916.264,919.333,0.06877243,213.405
72,67.838704,11.950322,929.426,932.539,0.06876072,213.398
73,67.948507,11.832783,942.589,945.746,0.06874901,213.391
74,68.058226,11.714089,955.753,958.954,0.06873737,213.385
75,68.167859,11.594238,968.917,972.162,0.06872573,213.378
76,68.277408,11.473226,982.082,985.371,0.06871416,213.371
77,68.386870,11.351048,995.246,998.579,0.06870274,213.365
78,68.496247,11.227702,1008.411,1011.788,0.06869131,213.358
79,68.605537,11.103183,1021.576,1024.998,0.06867994,213.352
80,68.714741,10.977487,1034.741,1038.207,0.06866845,213.345
81,68.823857,10.850610,1047.906,1051.416,0.06865742,213.339
82,68.932887,10.722549,1061.071,1064.625,0.06864600,213.333
83,69.041828,10.593299,1074.235,1077.833,0.06863476,213.326
84,69.150682,10.462855,1087.399,1091.041,0.06862354,213.320
85,69.259448,10.331215,1100.563,1104.248,0.06861239,213.314
86,69.368125,10.198372,1113.726,1117.455,0.06860135,213.308
87,69.476713,10.064324,1126.888,1130.661,0.06859033,213.303
88,69.585212,9.929064,1140.049,1143.867,0.06857938,213.297
89,69.693622,9.792589,1153.209,1157.071,0.06856849,213.291
90,69.801942,9.654894,1166.368,1170.274,0.06855760,213.286
91,69.910173,9.515974,1179.526,1183.476,0.06854664,213.280
92,70.018314,9.375824,1192.683,1196.677,0.06853584,213.275
93,70.126365,9.234439,1205.838,1209.877,0.06852496,213.269
94,70.234325,9.091813,1218.992,1223.075,0.06851433,213.264
95,70.342196,8.947943,1232.145,1236.271,0.06850366,213.259
96,70.449975,8.802822,1245.295,1249.466,0.06849291,213.254
97,70.557664,8.656444,1258.444,1262.659,0.06848242,213.249
98,70.665262,8.508805,1271.592,1275.850,0.06847169,213.244
99,70.772770,8.359898,1284.737,1289.039,0.06846127,213.240
100,70.880186,8.209719,1297.880,1302.226,0.06845073,213.235
101,70.987511,8.058260,1311.021,1315.411,0.06844026,213.231
102,71.094745,7.905515,1324.160,1328.594,0.06842984,213.226
103,71.201889,7.751480,1337.296,1341.775,0.06841944,213.222
104,71.308941,7.596146,1350.430,1354.953,0.06840917,213.218
105,71.415902,7.439508,1363.562,1368.128,0.06839876,213.214
106,71.522772,7.281559,1376.691,1381.301,0.06838849,213.210
107,71.629551,7.122293,1389.817,1394.472,0.06837822,213.206
108,71.736239,6.961702,1402.941,1407.639,0.06836809,213.202
109,71.842836,6.799779,1416.062,1420.804,0.06835781,213.199
110,71.949343,6.636517,1429.180,1433.966,0.06834775,213.196
111,72.055759,6.471908,1442.294,1447.125,0.06833768,213.192
112,72.162084,6.305946,1455.406,1460.280,0.06832763,213.189
113,72.268319,6.138621,1468.515,1473.433,0.06831763,213.186
114,72.374464,5.969926,1481.621,1486.582,0.06830762,213.183
115,72.480520,5.799854,1494.723,1499.728,0.06829764,213.181
116,72.586485,5.628394,1507.822,1512.871,0.06828784,213.178
117,72.692362,5.455540,1520.917,1526.011,0.06827778,213.175
118,72.798149,5.281281,1534.009,1539.147,0.06826799,213.173
119,72.903847,5.105609,1547.098,1552.279,0.06825820,213.171
120,73.009457,4.928515,1560.183,1565.408,0.06824841,213.169
121,73.114979,4.749989,1573.264,1578.533,0.06823856,213.167
122,73.220413,4.570021,1586.342,1591.654,0.06822884,213.165
123,73.325760,4.388601,1599.416,1604.772,0.06821912,213.164
124,73.431020,4.205719,1612.486,1617.886,0.06820946,213.162
125,73.536193,4.021364,1625.552,1630.996,0.06819974,213.161
126,73.641281,3.835525,1638.615,1644.102,0.06819029,213.160
127,73.746282,3.648192,1651.673,1657.205,0.06818065,213.159
128,73.851199,3.459352,1664.728,1670.303,0.06817101,213.158
129,73.956032,3.268993,1677.779,1683.397,0.06816149,213.157
130,74.060780,3.077104,1690.825,1696.488,0.06815204,213.157
131,74.165445,2.883672,1703.868,1709.574,0.06814253,213.156
132,74.270028,2.688684,1716.907,1722.657,0.06813309,213.156
133,74.374528,2.492127,1729.942,1735.735,0.06812358,213.156
134,74.478947,2.293986,1742.972,1748.809,0.06811433,213.156
135,74.583285,2.094249,1755.999,1761.880,0.06810489,213.156
136,74.687543,1.892900,1769.022,1774.946,0.06809559,213.157
137,74.791722,1.689925,1782.040,1788.008,0.06808622,213.157
138,74.895823,1.485308,1795.055,1801.066,0.06807705,213.158
139,74.999845,1.279033,1808.065,1814.120,0.06806774,213.159
140,75.103791,1.071084,1821.071,1827.170,0.06805845,213.160
141,75.207661,0.861445,1834.074,1840.216,0.06804921,213.161
142,75.311455,0.650097,1847.072,1853.258,0.06804006,213.163
143,75.415175,0.437022,1860.067,1866.296,0.06803075,213.164
144,75.518822,0.222204,1873.057,1879.330,0.06802166,213.166
145,75.622396,0.005621,1886.044,1892.360,0.06801262,213.168
146,75.725899,-0.212746,1899.027,1905.386,0.06800347,213.170
147,75.829331,-0.432916,1912.006,1918.409,0.06799439,213.172
148,75.932694,-0.654912,1924.981,1931.428,0.06798522,213.175
149,76.035988,-0.878754,1937.952,1944.442,0.06797613,213.177
150,76.139215,-1.104465,1950.920,1957.454,0.06796725,213.180
151,76.242375,-1.332069,1963.885,1970.461,0.06795822,213.183
152,76.345470,-1.561589,1976.845,1983.466,0.06794921,213.186
153,76.448500,-1.793051,1989.803,1996.466,0.06794032,213.189
154,76.551468,-2.026480,2002.757,2009.464,0.06793131,213.193
155,76.654373,-2.261902,2015.707,2022.458,0.06792242,213.196
156,76.757218,-2.499345,2028.655,2035.449,0.06791341,213.200
157,76.860003,-2.738838,2041.599,2048.436,0.06790446,213.204
158,76.962730,-2.980410,2054.541,2061.421,0.06789560,213.209
159,77.065400,-3.224092,2067.479,2074.403,0.06788679,213.213
160,77.168014,-3.469915,2080.415,2087.382,0.06787785,213.217
161,77.270573,-3.717912,2093.348,2100.359,0.06786891,213.222
162,77.373078,-3.968118,2106.279,2113.333,0.06786017,213.227
163,77.475532,-4.220567,2119.207,2126.304,0.06785137,213.232
164,77.577935,-4.475296,2132.133,2139.273,0.06784251,213.238
165,77.680288,-4.732342,2145.057,2152.241,0.06783383,213.243
166,77.782593,-4.991747,2157.979,2165.206,0.06782497,213.249
167,77.884851,-5.253549,2170.899,2178.169,0.06781626,213.254
168,77.987064,-5.517792,2183.817,2191.131,0.06780747,213.261
169,78.089232,-5.784519,2196.734,2204.091,0.06779866,213.267
170,78.191357,-6.053777,2209.650,2217.050,0.06779000,213.273
171,78.293441,-6.325613,2222.565,2230.008,0.06778115,213.280
172,78.395484,-6.600077,2235.478,2242.965,0.06777250,213.287
173,78.497489,-6.877219,2248.391,2255.921,0.06776384,213.293
174,78.599456,-7.157094,2261.304,2268.877,0.06775513,213.301
175,78.701386,-7.439756,2274.216,2281.832,0.06774649,213.308
176,78.803282,-7.725264,2287.128,2294.787,0.06773777,213.316
177,78.905144,-8.013679,2300.040,2307.742,0.06772913,213.323
178,79.006973,-8.305062,2312.952,2320.698,0.06772061,213.331
179,79.108771,-8.599479,2325.865,2333.654,0.06771190,213.339
180,79.210537,-8.897014,2338.779,2346.611,0.06770321,213.348
181,79.312268,-9.197766,2351.693,2359.569,0.06769470,213.356
182,79.413961,-9.501839,2364.609,2372.528,0.06768607,213.365
183,79.515611,-9.809342,2377.526,2385.488,0.06767749,213.374
184,79.617217,-10.120385,2390.444,2398.449,0.06766886,213.383
185,79.718773,-10.435084,2403.363,2411.412,0.06766023,213.392
186,79.820277,-10.753561,2416.284,2424.376,0.06765173,213.401
187,79.921724,-11.075941,2429.207,2437.342,0.06764324,213.411
188,80.023111,-11.402352,2442.131,2450.309,0.06763463,213.421
189,80.124431,-11.732929,2455.057,2463.278,0.06762600,213.431
190,80.225682,-12.067813,2467.985,2476.250,0.06761752,213.441
191,80.326859,-12.407148,2480.914,2489.223,0.06760909,213.452
192,80.427956,-12.751086,2493.846,2502.198,0.06760061,213.462
193,80.528968,-13.099784,2506.781,2515.176,0.06759219,213.473
194,80.629889,-13.453404,2519.717,2528.156,0.06758364,213.484
195,80.730715,-13.812117,2532.656,2541.138,0.06757516,213.496
196,80.831439,-14.176098,2545.598,2554.123,0.06756682,213.507
197,80.932054,-14.545533,2558.542,2567.110,0.06755827,213.519
198,81.032556,-14.920611,2571.488,2580.100,0.06754999,213.531
199,81.132935,-15.301532,2584.438,2593.093,0.06754158,213.543
200,81.233186,-15.688504,2597.390,2606.089,0.06753318,213.555
201,81.333301,-16.081742,2610.345,2619.087,0.06752484,213.567
202,81.433272,-16.481471,2623.304,2632.089,0.06751649,213.580
203,81.533092,-16.887926,2636.265,2645.094,0.06750816,213.593
204,81.632750,-17.301351,2649.230,2658.102,0.06749995,213.606
205,81.732239,-17.722001,2662.197,2671.113,0.06749162,213.620
206,81.831549,-18.150142,2675.169,2684.127,0.06748336,213.633
207,81.930670,-18.586051,2688.143,2697.145,0.06747502,213.647
208,82.029592,-19.030017,2701.121,2710.167,0.06746696,213.661
209,82.128304,-19.482342,2714.102,2723.192,0.06745863,213.675
210,82.226795,-19.943340,2727.087,2736.220,0.06745056,213.690
211,82.325052,-20.413341,2740.076,2749.252,0.06744250,213.704
212,82.423062,-20.892688,2753.069,2762.288,0.06743424,213.719
213,82.520814,-21.381738,2766.065,2775.328,0.06742611,213.734
214,82.618293,-21.880867,2779.065,2788.372,0.06741799,213.749
215,82.715484,-22.390464,2792.069,2801.419,0.06741006,213.765
216,82.812371,-22.910937,2805.076,2814.470,0.06740206,213.781
217,82.908940,-23.442713,2818.088,2827.526,0.06739394,213.797
218,83.005172,-23.986237,2831.104,2840.585,0.06738596,213.813
219,83.101050,-24.541974,2844.124,2853.649,0.06737809,213.829
220,83.196555,-25.110407,2857.148,2866.716,0.06737003,213.846
221,83.291667,-25.692045,2870.176,2879.788,0.06736224,213.862
222,83.386366,-26.287417,2883.209,2892.864,0.06735431,213.879
223,83.480628,-26.897073,2896.246,2905.945,0.06734653,213.897
224,83.574431,-27.521591,2909.287,2919.030,0.06733868,213.914
225,83.667751,-28.161571,2922.332,2932.119,0.06733095,213.932
226,83.760561,-28.817640,2935.382,2945.212,0.06732322,213.950
227,83.852834,-29.490451,2948.436,2958.310,0.06731550,213.968
228,83.944542,-30.180683,2961.495,2971.412,0.06730779,213.986
229,84.035653,-30.889044,2974.558,2984.519,0.06730013,214.005
230,84.126136,-31.616272,2987.625,2997.631,0.06729260,214.024
231,84.215957,-32.363130,3000.698,3010.747,0.06728494,214.043
232,84.305080,-33.130413,3013.774,3023.867,0.06727742,214.062
233,84.393466,-33.918943,3026.856,3036.992,0.06727003,214.081
234,84.481077,-34.729573,3039.942,3050.122,0.06726238,214.101
235,84.567869,-35.563184,3053.032,3063.257,0.06725492,214.121
236,84.653799,-36.420684,3066.128,3076.396,0.06724754,214.141
237,84.738819,-37.303010,3079.228,3089.540,0.06724007,214.161
238,84.822879,-38.211120,3092.332,3102.688,0.06723288,214.182
239,84.905927,-39.146001,3105.442,3115.842,0.06722568,214.203
240,84.987909,-40.108656,3118.556,3129.000,0.06721830,214.224
241,85.068764,-41.100107,3131.675,3142.163,0.06721117,214.245
242,85.148433,-42.121389,3144.799,3155.330,0.06720397,214.266
243,85.226851,-43.173546,3157.927,3168.503,0.06719678,214.288
244,85.303949,-44.257623,3171.060,3181.680,0.06718978,214.310
245,85.379657,-45.374661,3184.198,3194.862,0.06718266,214.332
246,85.453900,-46.525686,3197.341,3208.049,0.06717572,214.354
247,85.526599,-47.711704,3210.489,3221.241,0.06716873,214.377
248,85.597673,-48.933685,3223.642,3234.437,0.06716160,214.399
249,85.667036,-50.192552,3236.799,3247.639,0.06715479,214.422
250,85.734599,-51.489171,3249.961,3260.845,0.06714800,214.446
251,85.800269,-52.824326,3263.128,3274.056,0.06714126,214.469
252,85.863952,-54.198713,3276.300,3287.272,0.06713439,214.493
253,85.925548,-55.612910,3289.477,3300.493,0.06712772,214.517
254,85.984955,-57.067366,3302.659,3313.719,0.06712118,214.541
255,86.042069,-58.562373,3315.845,3326.950,0.06711444,214.565
256,86.096784,-60.098046,3329.036,3340.185,0.06710796,214.590
257,86.148992,-61.674301,3342.233,3353.426,0.06710149,214.614
258,86.198583,-63.290828,3355.434,3366.671,0.06709488,214.639
259,86.245448,-64.947073,3368.639,3379.921,0.06708860,214.664
260,86.289478,-66.642214,3381.850,3393.176,0.06708218,214.690
261,86.330565,-68.375144,3395.066,3406.435,0.06707577,214.715
262,86.368603,-70.144453,3408.286,3419.700,0.06706967,214.741
263,86.403489,-71.948415,3421.511,3432.969,0.06706340,214.767
264,86.435125,-73.784988,3434.741,3446.243,0.06705730,214.794
265,86.463419,-75.651802,3447.975,3459.522,0.06705121,214.820
266,86.488283,-77.546174,3461.215,3472.806,0.06704531,214.847
267,86.509638,-79.465115,3474.459,3486.095,0.06703922,214.873
268,86.527413,-81.405353,3487.708,3499.388,0.06703331,214.901
269,86.541548,-83.363359,3500.961,3512.686,0.06702735,214.928
270,86.551993,-85.335383,3514.220,3525.988,0.06702153,214.955
271,86.558707,-87.317494,3527.483,3539.296,0.06701587,214.983
272,86.561663,-89.305630,3540.750,3552.608,0.06701016,215.011
273,86.560847,-91.295647,3554.023,3565.925,0.06700459,215.039
274,86.556255,-93.283371,3567.299,3579.246,0.06699889,215.067
275,86.547897,-95.264658,3580.581,3592.572,0.06699343,215.096
276,86.535794,-97.235444,3593.867,3605.903,0.06698811,215.125
277,86.519982,-99.191796,3607.158,3619.238,0.06698266,215.154
278,86.500504,-101.129963,3620.453,3632.578,0.06697739,215.183
279,86.477417,-103.046413,3633.753,3645.922,0.06697201,215.212
280,86.450786,-104.937870,3647.057,3659.271,0.06696688,215.241
281,86.420685,-106.801343,3660.366,3672.625,0.06696174,215.271
282,86.387197,-108.634144,3673.680,3685.982,0.06695675,215.301
283,86.350410,-110.433902,3686.997,3699.345,0.06695167,215.331
284,86.310417,-112.198569,3700.319,3712.711,0.06694666,215.361
285,86.267319,-113.926416,3713.646,3726.083,0.06694179,215.392
286,86.221216,-115.616031,3726.977,3739.458,0.06693716,215.423
287,86.172213,-117.266302,3740.312,3752.838,0.06693228,215.453
288,86.120416,-118.876404,3753.652,3766.222,0.06692766,215.484
289,86.065932,-120.445781,3766.995,3779.611,0.06692310,215.516
290,86.008866,-121.974120,3780.343,3793.004,0.06691854,215.547
291,85.949324,-123.461335,3793.696,3806.401,0.06691410,215.579
292,85.887410,-124.907538,3807.052,3819.802,0.06690967,215.610
293,85.823227,-126.313020,3820.413,3833.207,0.06690536,215.642
294,85.756872,-127.678227,3833.778,3846.617,0.06690106,215.674
295,85.688445,-129.003737,3847.147,3860.030,0.06689689,215.707
296,85.618037,-130.290244,3860.519,3873.448,0.06689289,215.739
297,85.545741,-131.538531,3873.896,3886.870,0.06688863,215.772
298,85.471644,-132.749464,3887.277,3900.296,0.06688477,215.805
299,85.395830,-133.923963,3900.662,3913.725,0.06688098,215.838
300,85.318380,-135.063001,3914.051,3927.159,0.06687719,215.871
301,85.239371,-136.167580,3927.444,3940.597,0.06687345,215.904
302,85.158876,-137.238727,3940.841,3954.039,0.06686977,215.937
303,85.076966,-138.277484,3954.241,3967.484,0.06686608,215.971
304,84.993708,-139.284895,3967.646,3980.933,0.06686267,216.005
305,84.909167,-140.262003,3981.054,3994.386,0.06685930,216.039
306,84.823402,-141.209843,3994.466,4007.843,0.06685607,216.073
307,84.736471,-142.129438,4007.882,4021.304,0.06685260,216.107
308,84.648430,-143.021792,4021.301,4034.768,0.06684941,216.142
309,84.559329,-143.887889,4034.724,4048.236,0.06684645,216.176
310,84.469219,-144.728690,4048.150,4061.707,0.06684333,216.211
311,84.378146,-145.545131,4061.580,4075.182,0.06684041,216.246
312,84.286155,-146.338120,4075.014,4088.661,0.06683762,216.281
313,84.193287,-147.108539,4088.451,4102.143,0.06683489,216.316
314,84.099582,-147.857239,4101.892,4115.629,0.06683210,216.351
315,84.005077,-148.585044,4115.336,4129.118,0.06682956,216.386
316,83.909810,-149.292748,4128.783,4142.610,0.06682708,216.422
317,83.813813,-149.981116,4142.234,4156.106,0.06682447,216.457
318,83.717118,-150.650885,4155.688,4169.605,0.06682219,216.493
319,83.619757,-151.302761,4169.146,4183.108,0.06681997,216.529
320,83.521757,-151.937426,4182.606,4196.613,0.06681774,216.565
321,83.423146,-152.555533,4196.070,4210.122,0.06681570,216.601
322,83.323950,-153.157707,4209.537,4223.634,0.06681360,216.637
323,83.224194,-153.744551,4223.007,4237.150,0.06681168,216.674
324,83.123901,-154.316639,4236.481,4250.668,0.06681003,216.710
325,83.023093,-154.874524,4249.957,4264.190,0.06680805,216.747
326,82.921791,-155.418736,4263.436,4277.714,0.06680651,216.783
327,82.820015,-155.949785,4276.919,4291.242,0.06680498,216.820
328,82.717784,-156.468163,4290.404,4304.773,0.06680332,216.857
329,82.615114,-156.974338,4303.893,4318.306,0.06680210,216.894
330,82.512024,-157.468761,4317.385,4331.843,0.06680088,216.931
331,82.408530,-157.951862,4330.880,4345.384,0.06679966,216.968
332,82.304645,-158.424052,4344.378,4358.927,0.06679849,217.006
333,82.200385,-158.885727,4357.880,4372.474,0.06679752,217.043
334,82.095764,-159.337263,4371.385,4386.024,0.06679649,217.080
335,81.990794,-159.779021,4384.893,4399.577,0.06679565,217.118
336,81.885488,-160.211348,4398.404,4413.134,0.06679493,217.155
337,81.779859,-160.634574,4411.919,4426.694,0.06679427,217.193
338,81.673916,-161.049017,4425.437,4440.258,0.06679373,217.231
339,81.567671,-161.454980,4438.959,4453.825,0.06679340,217.269
340,81.461135,-161.852754,4452.484,4467.395,0.06679299,217.307
341,81.354316,-162.242618,4466.013,4480.969,0.06679258,217.345
342,81.247225,-162.624838,4479.545,4494.547,0.06679242,217.383
343,81.139870,-162.999672,4493.081,4508.128,0.06679253,217.421
344,81.032260,-163.367364,4506.620,4521.713,0.06679243,217.459
345,80.924403,-163.728149,4520.163,4535.301,0.06679253,217.497
346,80.816306,-164.082255,4533.709,4548.893,0.06679287,217.535
347,80.707978,-164.429896,4547.259,4562.488,0.06679302,217.573
348,80.599425,-164.771282,4560.813,4576.087,0.06679350,217.612
349,80.490655,-165.106611,4574.370,4589.690,0.06679422,217.650
350,80.381673,-165.436075,4587.931,4603.296,0.06679469,217.688
351,80.272487,-165.759858,4601.496,4616.906,0.06679535,217.727
352,80.163101,-166.078138,4615.064,4630.520,0.06679613,217.765
353,80.053522,-166.391083,4628.636,4644.137,0.06679711,217.804
354,79.943756,-166.698857,4642.212,4657.758,0.06679802,217.842
355,79.833808,-167.001616,4655.791,4671.383,0.06679923,217.881
356,79.723683,-167.299513,4669.374,4685.011,0.06680046,217.919
357,79.613385,-167.592691,4682.961,4698.644,0.06680168,217.958
358,79.502921,-167.881291,4696.551,4712.280,0.06680315,217.997
359,79.392293,-168.165447,4710.145,4725.919,0.06680457,218.035
360,79.281507,-168.445288,4723.743,4739.563,0.06680635,218.074
361,79.170567,-168.720939,4737.345,4753.210,0.06680795,218.112
362,79.059477,-168.992521,4750.950,4766.861,0.06680968,218.151
363,78.948241,-169.260147,4764.559,4780.516,0.06681184,218.189
364,78.836863,-169.523931,4778.172,4794.174,0.06681368,218.228
365,78.725346,-169.783979,4791.789,4807.836,0.06681578,218.267
366,78.613694,-170.040395,4805.409,4821.502,0.06681826,218.305
367,78.501910,-170.293279,4819.033,4835.172,0.06682055,218.344
368,78.389998,-170.542727,4832.661,4848.845,0.06682283,218.382
369,78.277961,-170.788833,4846.293,4862.523,0.06682543,218.420
370,78.165802,-171.031685,4859.928,4876.204,0.06682815,218.459
371,78.053524,-171.271370,4873.567,4889.888,0.06683094,218.497
372,77.941130,-171.507973,4887.210,4903.577,0.06683367,218.536
373,77.828623,-171.741574,4900.856,4917.269,0.06683671,218.574
374,77.716006,-171.972251,4914.506,4930.965,0.06683981,218.612
375,77.603280,-172.200080,4928.160,4944.664,0.06684297,218.650
376,77.490450,-172.425133,4941.818,4958.367,0.06684639,218.689
377,77.377517,-172.647481,4955.479,4972.074,0.06684980,218.727
378,77.264483,-172.867193,4969.144,4985.785,0.06685327,218.765
379,77.151352,-173.084334,4982.812,4999.499,0.06685688,218.803
380,77.038125,-173.298968,4996.484,5013.217,0.06686048,218.841
381,76.924805,-173.511156,5010.160,5026.938,0.06686447,218.878
382,76.811394,-173.720960,5023.839,5040.663,0.06686838,218.916
383,76.697894,-173.928436,5037.522,5054.392,0.06687248,218.954
384,76.584307,-174.133641,5051.208,5068.124,0.06687666,218.992
385,76.470635,-174.336629,5064.898,5081.860,0.06688088,219.029
386,76.356881,-174.537453,5078.592,5095.600,0.06688523,219.066
387,76.243045,-174.736163,5092.289,5109.342,0.06688991,219.104
388,76.129131,-174.932810,5105.989,5123.089,0.06689438,219.141
389,76.015140,-175.127441,5119.693,5136.839,0.06689912,219.178
390,75.901073,-175.320103,5133.401,5150.592,0.06690391,219.215
391,75.786932,-175.510840,5147.111,5164.349,0.06690896,219.252
392,75.672720,-175.699697,5160.826,5178.109,0.06691387,219.289
393,75.558438,-175.886717,5174.543,5191.872,0.06691912,219.325
394,75.444087,-176.071939,5188.264,5205.639,0.06692435,219.362
395,75.329670,-176.255405,5201.988,5219.409,0.06692990,219.398
396,75.215187,-176.437154,5215.716,5233.183,0.06693526,219.435
397,75.100641,-176.617222,5229.447,5246.960,0.06694093,219.471
398,74.986033,-176.795647,5243.181,5260.740,0.06694654,219.507
399,74.871364,-176.972464,5256.918,5274.523,0.06695265,219.543
400,74.756636,-177.147708,5270.659,5288.310,0.06695826,219.578
401,74.641851,-177.321413,5284.402,5302.099,0.06696443,219.614
402,74.527009,-177.493611,5298.149,5315.892,0.06697068,219.649
403,74.412113,-177.664334,5311.899,5329.688,0.06697686,219.685
404,74.297164,-177.833614,5325.652,5343.487,0.06698335,219.720
405,74.182162,-178.001479,5339.408,5357.289,0.06698984,219.755
406,74.067111,-178.167960,5353.166,5371.094,0.06699646,219.789
407,73.952010,-178.333085,5366.928,5384.902,0.06700320,219.824
408,73.836861,-178.496882,5380.693,5398.713,0.06701001,219.858
409,73.721665,-178.659377,5394.461,5412.526,0.06701707,219.892
410,73.606425,-178.820598,5408.231,5426.343,0.06702413,219.927
411,73.491140,-178.980569,5422.005,5440.163,0.06703132,219.960
412,73.375813,-179.139315,5435.781,5453.985,0.06703863,219.994
413,73.260444,-179.296862,5449.560,5467.810,0.06704600,220.027
414,73.145035,-179.453232,5463.341,5481.637,0.06705354,220.061
415,73.029587,-179.608448,5477.125,5495.468,0.06706119,220.094
416,72.914102,-179.762534,5490.912,5509.301,0.06706899,220.127
417,72.798579,-179.915510,5504.702,5523.136,0.06707688,220.159
418,72.683022,179.932601,5518.493,5536.975,0.06708482,220.192
419,72.567430,179.781778,5532.288,5550.815,0.06709296,220.224
420,72.451805,179.632003,5546.085,5564.658,0.06710114,220.256
421,72.336148,179.483254,5559.884,5578.504,0.06710947,220.287
422,72.220460,179.335512,5573.686,5592.352,0.06711805,220.319
423,72.104743,179.188758,5587.490,5606.202,0.06712649,220.350
424,71.988997,179.042975,5601.296,5620.054,0.06713533,220.381
425,71.873223,178.898144,5615.104,5633.909,0.06714410,220.412
426,71.757424,178.754247,5628.915,5647.766,0.06715291,220.442
427,71.641599,178.611267,5642.728,5661.625,0.06716200,220.473
428,71.525750,178.469188,5656.543,5675.486,0.06717102,220.503
429,71.409879,178.327993,5670.360,5689.349,0.06718035,220.532
430,71.293985,178.187666,5684.179,5703.214,0.06718962,220.562
431,71.178071,178.048192,5697.999,5717.082,0.06719920,220.591
432,71.062136,177.909556,5711.822,5730.951,0.06720868,220.620
433,70.946183,177.771741,5725.647,5744.822,0.06721852,220.649
434,70.830213,177.634735,5739.473,5758.694,0.06722829,220.677
435,70.714226,177.498522,5753.301,5772.569,0.06723820,220.705
436,70.598223,177.363089,5767.131,5786.445,0.06724817,220.733
437,70.482206,177.228422,5780.963,5800.323,0.06725834,220.760
438,70.366175,177.094508,5794.796,5814.202,0.06726875,220.788
439,70.250132,176.961334,5808.630,5828.083,0.06727910,220.815
440,70.134077,176.828886,5822.466,5841.965,0.06728945,220.841
441,70.018012,176.697153,5836.304,5855.849,0.06730007,220.868
442,69.901938,176.566123,5850.143,5869.734,0.06731091,220.894
443,69.785856,176.435783,5863.983,5883.621,0.06732178,220.919
444,69.669766,176.306121,5877.824,5897.509,0.06733271,220.945
445,69.553670,176.177127,5891.667,5911.398,0.06734383,220.970
446,69.437568,176.048788,5905.511,5925.288,0.06735489,220.995
447,69.321463,175.921095,5919.356,5939.179,0.06736619,221.019
448,69.205354,175.794036,5933.202,5953.072,0.06737749,221.043
449,69.089243,175.667600,5947.049,5966.965,0.06738908,221.067
450,68.973130,175.541778,5960.897,5980.859,0.06740069,221.090
451,68.857018,175.416560,5974.745,5994.754,0.06741253,221.113
452,68.740906,175.291934,5988.595,6008.650,0.06742421,221.136
453,68.624795,175.167893,6002.445,6022.547,0.06743623,221.159
454,68.508688,175.044425,6016.296,6036.444,0.06744824,221.181
455,68.392584,174.921523,6030.148,6050.343,0.06746026,221.202
456,68.276485,174.799176,6044.000,6064.241,0.06747278,221.224
457,68.160392,174.677376,6057.853,6078.140,0.06748499,221.245
458,68.044305,174.556113,6071.706,6092.040,0.06749764,221.266
459,67.928226,174.435380,6085.560,6105.940,0.06751011,221.286
460,67.812155,174.315168,6099.414,6119.840,0.06752289,221.306
461,67.696094,174.195468,6113.268,6133.741,0.06753567,221.325
462,67.580044,174.076273,6127.122,6147.642,0.06754866,221.345
463,67.464006,173.957574,6140.977,6161.543,0.06756177,221.363
464,67.347979,173.839364,6154.832,6175.444,0.06757487,221.382
465,67.231967,173.721634,6168.686,6189.345,0.06758818,221.400
466,67.115969,173.604378,6182.541,6203.246,0.06760148,221.418
467,66.999986,173.487587,6196.396,6217.147,0.06761485,221.435
468,66.884020,173.371255,6210.250,6231.048,0.06762834,221.452
469,66.768072,173.255374,6224.104,6244.948,0.06764216,221.469
470,66.652141,173.139938,6237.958,6258.849,0.06765591,221.485
471,66.536231,173.024939,6251.812,6272.749,0.06766981,221.501
472,66.420340,172.910371,6265.665,6286.648,0.06768388,221.516
473,66.304471,172.796227,6279.517,6300.547,0.06769796,221.531
474,66.188624,172.682501,6293.370,6314.446,0.06771224,221.546
475,66.072800,172.569185,6307.221,6328.344,0.06772624,221.560
476,65.957001,172.456274,6321.072,6342.241,0.06774085,221.573
477,65.841227,172.343762,6334.922,6356.137,0.06775539,221.587
478,65.725479,172.231641,6348.771,6370.033,0.06776998,221.600
479,65.609758,172.119908,6362.620,6383.928,0.06778459,221.612
480,65.494065,172.008554,6376.467,6397.822,0.06779937,221.625
481,65.378401,171.897576,6390.314,6411.715,0.06781437,221.636
482,65.262768,171.786966,6404.160,6425.607,0.06782936,221.648
483,65.147165,171.676719,6418.004,6439.497,0.06784455,221.658
484,65.031594,171.566831,6431.847,6453.387,0.06785974,221.669
485,64.916056,171.457294,6445.689,6467.275,0.06787512,221.679
486,64.800552,171.348105,6459.530,6481.162,0.06789038,221.689
487,64.685083,171.239257,6473.369,6495.048,0.06790590,221.698
488,64.569650,171.130746,6487.207,6508.932,0.06792161,221.707
489,64.454254,171.022566,6501.043,6522.814,0.06793726,221.715
490,64.338895,170.914712,6514.878,6536.695,0.06795304,221.723
491,64.223575,170.807180,6528.711,6550.575,0.06796894,221.731
492,64.108295,170.699965,6542.542,6564.452,0.06798492,221.738
493,63.993055,170.593061,6556.371,6578.328,0.06800084,221.744
494,63.877857,170.486464,6570.199,6592.202,0.06801714,221.751
495,63.762702,170.380170,6584.025,6606.074,0.06803346,221.757
496,63.647590,170.274173,6597.849,6619.944,0.06804976,221.762
497,63.532522,170.168470,6611.670,6633.812,0.06806619,221.767
498,63.417500,170.063055,6625.490,6647.678,0.06808284,221.771
499,63.302525,169.957926,6639.308,6661.542,0.06809948,221.776
500,63.187596,169.853076,6653.123,6675.404,0.06811605,221.779
501,63.072717,169.748502,6666.936,6689.263,0.06813309,221.782
502,62.957886,169.644199,6680.746,6703.120,0.06814972,221.785
503,62.843105,169.540165,6694.554,6716.974,0.06816697,221.787
504,62.728376,169.436393,6708.360,6730.826,0.06818400,221.789
505,62.613699,169.332881,6722.163,6744.675,0.06820112,221.791
506,62.499075,169.229625,6735.963,6758.522,0.06821830,221.792
507,62.384505,169.126620,6749.761,6772.366,0.06823573,221.792
508,62.269990,169.023863,6763.556,6786.207,0.06825324,221.793
509,62.155531,168.921350,6777.348,6800.045,0.06827062,221.792
510,62.041129,168.819077,6791.137,6813.880,0.06828832,221.791
511,61.926785,168.717040,6804.924,6827.713,0.06830584,221.790
512,61.812500,168.615236,6818.707,6841.542,0.06832373,221.789
513,61.698274,168.513662,6832.487,6855.369,0.06834159,221.787
514,61.584109,168.412312,6846.264,6869.192,0.06835951,221.784
515,61.470006,168.311185,6860.038,6883.012,0.06837749,221.781
516,61.355966,168.210277,6873.808,6896.828,0.06839573,221.778
517,61.241989,168.109584,6887.575,6910.641,0.06841385,221.774
518,61.128076,168.009103,6901.339,6924.451,0.06843205,221.770
519,61.014229,167.908830,6915.099,6938.257,0.06845036,221.765
520,60.900449,167.808762,6928.856,6952.060,0.06846888,221.760
521,60.786736,167.708896,6942.609,6965.859,0.06848727,221.754
522,60.673091,167.609229,6956.359,6979.655,0.06850594,221.748
523,60.559515,167.509758,6970.104,6993.447,0.06852446,221.742
524,60.446010,167.410479,6983.846,7007.235,0.06854320,221.735
525,60.332575,167.311389,6997.584,7021.019,0.06856205,221.727
526,60.219213,167.212485,7011.319,7034.799,0.06858079,221.719
527,60.105924,167.113765,7025.049,7048.575,0.06859967,221.711
528,59.992709,167.015225,7038.775,7062.347,0.06861866,221.703
529,59.879568,166.916862,7052.497,7076.115,0.06863781,221.694
530,59.766504,166.818673,7066.215,7089.879,0.06865696,221.684
531,59.653516,166.720656,7079.929,7103.639,0.06867624,221.674
532,59.540606,166.622807,7093.638,7117.394,0.06869525,221.664
533,59.427774,166.525124,7107.343,7131.145,0.06871474,221.653
534,59.315022,166.427604,7121.044,7144.891,0.06873430,221.642
535,59.202351,166.330245,7134.740,7158.634,0.06875353,221.630
536,59.089761,166.233042,7148.432,7172.371,0.06877329,221.618
537,58.977253,166.135995,7162.119,7186.104,0.06879286,221.605
538,58.864828,166.039099,7175.801,7199.832,0.06881243,221.592
539,58.752488,165.942353,7189.479,7213.556,0.06883207,221.579
540,58.640233,165.845753,7203.152,7227.275,0.06885198,221.565
541,58.528064,165.749298,7216.820,7240.989,0.06887183,221.551
542,58.415981,165.652984,7230.484,7254.698,0.06889181,221.536
543,58.303987,165.556810,7244.142,7268.402,0.06891181,221.521
544,58.192081,165.460772,7257.796,7282.101,0.06893180,221.506
545,58.080265,165.364868,7271.444,7295.796,0.06895186,221.490
546,57.968540,165.269095,7285.087,7309.485,0.06897201,221.474
547,57.856906,165.173452,7298.726,7323.169,0.06899220,221.457
548,57.745364,165.077935,7312.359,7336.847,0.06901261,221.440
549,57.633916,164.982543,7325.987,7350.521,0.06903283,221.423
550,57.522562,164.887273,7339.609,7364.189,0.06905325,221.405
551,57.411304,164.792122,7353.226,7377.852,0.06907366,221.386
552,57.300141,164.697088,7366.838,7391.509,0.06909409,221.368
553,57.189075,164.602170,7380.444,7405.161,0.06911466,221.349
554,57.078107,164.507364,7394.045,7418.807,0.06913523,221.329
555,56.967238,164.412668,7407.640,7432.448,0.06915580,221.309
556,56.856468,164.318081,7421.230,7446.083,0.06917671,221.289
557,56.745799,164.223599,7434.814,7459.713,0.06919730,221.268
558,56.635231,164.129222,7448.392,7473.336,0.06921809,221.247
559,56.524766,164.034945,7461.965,7486.954,0.06923896,221.226
560,56.414403,163.940768,7475.532,7500.566,0.06925981,221.204
561,56.304145,163.846688,7489.092,7514.173,0.06928069,221.182
562,56.193992,163.752704,7502.647,7527.773,0.06930171,221.159
563,56.083944,163.658812,7516.196,7541.368,0.06932259,221.137
564,55.974003,163.565011,7529.739,7554.956,0.06934367,221.113
565,55.864170,163.471299,7543.276,7568.538,0.06936471,221.090
566,55.754445,163.377673,7556.807,7582.115,0.06938588,221.065
567,55.644829,163.284132,7570.332,7595.685,0.06940698,221.041
568,55.535324,163.190674,7583.851,7609.249,0.06942828,221.016
569,55.425929,163.097296,7597.363,7622.806,0.06944960,220.991
570,55.316647,163.003997,7610.870,7636.358,0.06947079,220.966
571,55.207477,162.910774,7624.369,7649.903,0.06949218,220.940
572,55.098421,162.817626,7637.863,7663.442,0.06951351,220.914
573,54.989479,162.724550,7651.350,7676.974,0.06953493,220.887
574,54.880653,162.631545,7664.831,7690.500,0.06955621,220.860
575,54.771943,162.538609,7678.305,7704.020,0.06957769,220.833
576,54.663349,162.445740,7691.773,7717.532,0.06959912,220.806
577,54.554874,162.352936,7705.235,7731.039,0.06962068,220.778
578,54.446517,162.260194,7718.689,7744.539,0.06964234,220.750
579,54.338280,162.167514,7732.138,7758.032,0.06966370,220.721
580,54.230163,162.074893,7745.579,7771.519,0.06968543,220.692
581,54.122167,161.982330,7759.014,7784.999,0.06970701,220.663
582,54.014294,161.889822,7772.442,7798.472,0.06972867,220.634
583,53.906543,161.797367,7785.864,7811.938,0.06975041,220.604
584,53.798916,161.704965,7799.279,7825.398,0.06977215,220.574
585,53.691413,161.612613,7812.686,7838.851,0.06979384,220.543
586,53.584036,161.520309,7826.088,7852.297,0.06981552,220.513
587,53.476785,161.428051,7839.482,7865.736,0.06983729,220.482
588,53.369660,161.335839,7852.869,7879.168,0.06985901,220.450
589,53.262664,161.243669,7866.250,7892.593,0.06988096,220.419
590,53.155796,161.151540,7879.623,7906.011,0.06990276,220.387
591,53.049057,161.059451,7892.990,7919.423,0.06992462,220.355
592,52.942448,160.967400,7906.349,7932.827,0.06994642,220.322
593,52.835971,160.875384,7919.702,7946.224,0.06996848,220.289
594,52.729625,160.783403,7933.047,7959.614,0.06999023,220.256
595,52.623412,160.691454,7946.386,7972.998,0.07001224,220.223
596,52.517332,160.599536,7959.717,7986.374,0.07003407,220.189
597,52.411386,160.507647,7973.041,7999.742,0.07005604,220.156
598,52.305575,160.415786,7986.358,8013.104,0.07007800,220.121
599,52.199899,160.323951,7999.668,8026.459,0.07009999,220.087
600,52.094360,160.232139,8012.971,8039.806,0.07012205,220.052
601,51.988959,160.140350,8026.267,8053.146,0.07014411,220.017
602,51.883695,160.048582,8039.555,8066.479,0.07016617,219.982
603,51.778570,159.956833,8052.836,8079.805,0.07018799,219.947
604,51.673584,159.865102,8066.110,8093.123,0.07021006,219.911
605,51.568739,159.773386,8079.377,8106.434,0.07023215,219.875
606,51.464034,159.681684,8092.637,8119.738,0.07025426,219.839
607,51.359472,159.589996,8105.889,8133.035,0.07027616,219.803
608,51.255052,159.498318,8119.134,8146.324,0.07029827,219.766
609,51.150775,159.406649,8132.371,8159.606,0.07032039,219.729
610,51.046642,159.314989,8145.602,8172.881,0.07034238,219.692
611,50.942654,159.223334,8158.825,8186.148,0.07036445,219.655
612,50.838811,159.131685,8172.040,8199.408,0.07038645,219.618
613,50.735115,159.040038,8185.249,8212.660,0.07040873,219.580
614,50.631565,158.948393,8198.450,8225.906,0.07043070,219.542
615,50.528163,158.856747,8211.643,8239.143,0.07045272,219.504
616,50.424909,158.765100,8224.829,8252.374,0.07047490,219.466
617,50.321805,158.673450,8238.008,8265.597,0.07049674,219.427
618,50.218850,158.581795,8251.180,8278.813,0.07051886,219.389
619,50.116045,158.490133,8264.344,8292.021,0.07054099,219.350
620,50.013392,158.398464,8277.501,8305.222,0.07056305,219.311
621,49.910891,158.306785,8290.651,8318.416,0.07058505,219.271
622,49.808542,158.215096,8303.793,8331.602,0.07060701,219.232
623,49.706347,158.123394,8316.928,8344.781,0.07062909,219.192
624,49.604305,158.031678,8330.056,8357.952,0.07065106,219.152
625,49.502418,157.939946,8343.176,8371.116,0.07067323,219.112
626,49.400687,157.848197,8356.289,8384.273,0.07069514,219.072
627,49.299111,157.756430,8369.394,8397.423,0.07071713,219.032
628,49.197692,157.664643,8382.493,8410.565,0.07073911,218.992
629,49.096431,157.572834,8395.584,8423.700,0.07076118,218.951
630,48.995327,157.481002,8408.667,8436.827,0.07078306,218.910
631,48.894382,157.389145,8421.744,8449.947,0.07080507,218.869
632,48.793597,157.297262,8434.813,8463.060,0.07082689,218.828
633,48.692971,157.205352,8447.875,8476.166,0.07084885,218.787
634,48.592506,157.113413,8460.930,8489.265,0.07087082,218.746
635,48.492203,157.021443,8473.977,8502.356,0.07089267,218.704
636,48.392061,156.929441,8487.017,8515.440,0.07091465,218.663
637,48.292082,156.837406,8500.050,8528.516,0.07093637,218.621
638,48.192266,156.745335,8513.076,8541.586,0.07095838,218.579
639,48.092614,156.653228,8526.095,8554.648,0.07098004,218.537
640,47.993126,156.561083,8539.107,8567.704,0.07100193,218.495
641,47.893804,156.468899,8552.112,8580.752,0.07102361,218.453
642,47.794647,156.376674,8565.109,8593.793,0.07104537,218.410
643,47.695656,156.284407,8578.100,8606.827,0.07106720,218.368
644,47.596833,156.192095,8591.083,8619.854,0.07108871,218.326
645,47.498177,156.099739,8604.060,8632.874,0.07111055,218.283
646,47.399689,156.007335,8617.029,8645.887,0.07113215,218.240
647,47.301370,155.914884,8629.992,8658.893,0.07115395,218.197
648,47.203220,155.822383,8642.948,8671.893,0.07117555,218.154
649,47.105240,155.729830,8655.897,8684.885,0.07119702,218.111
650,47.007431,155.637225,8668.839,8697.870,0.07121884,218.068
651,46.909793,155.544567,8681.774,8710.849,0.07124034,218.025
652,46.812326,155.451852,8694.703,8723.821,0.07126184,217.982
653,46.715032,155.359081,8707.625,8736.786,0.07128334,217.938
654,46.617910,155.266251,8720.540,8749.745,0.07130484,217.895
655,46.520962,155.173362,8733.449,8762.696,0.07132616,217.852
656,46.424188,155.080411,8746.351,8775.642,0.07134756,217.808
657,46.327589,154.987397,8759.246,8788.580,0.07136902,217.765
658,46.231164,154.894319,8772.135,8801.513,0.07139022,217.721
659,46.134915,154.801176,8785.018,8814.438,0.07141171,217.677
660,46.038843,154.707966,8797.894,8827.358,0.07143292,217.633
661,45.942947,154.614687,8810.764,8840.271,0.07145415,217.590
662,45.847228,154.521338,8823.628,8853.177,0.07147551,217.546
663,45.751687,154.427918,8836.485,8866.078,0.07149661,217.502
664,45.656325,154.334425,8849.336,8878.972,0.07151780,217.458
665,45.561141,154.240857,8862.181,8891.860,0.07153891,217.414
666,45.466137,154.147214,8875.020,8904.742,0.07155997,217.370
667,45.371313,154.053494,8887.853,8917.618,0.07158104,217.326
668,45.276669,153.959695,8900.680,8930.487,0.07160196,217.282
669,45.182206,153.865816,8913.501,8943.351,0.07162304,217.238
670,45.087924,153.771855,8926.316,8956.210,0.07164407,217.194
671,44.993825,153.677811,8939.125,8969.062,0.07166502,217.149
672,44.899907,153.583684,8951.929,8981.908,0.07168564,217.105
673,44.806173,153.489470,8964.727,8994.749,0.07170668,217.061
674,44.712622,153.395169,8977.520,9007.585,0.07172738,217.017
675,44.619256,153.300779,8990.306,9020.414,0.07174817,216.973
676,44.526073,153.206299,9003.088,9033.239,0.07176882,216.929
677,44.433075,153.111727,9015.864,9046.058,0.07178940,216.884
678,44.340263,153.017062,9028.635,9058.871,0.07181021,216.840
679,44.247637,152.922303,9041.401,9071.680,0.07183074,216.796
680,44.155197,152.827447,9054.161,9084.483,0.07185121,216.752
681,44.062944,152.732494,9066.916,9097.281,0.07187191,216.707
682,43.970877,152.637443,9079.667,9110.074,0.07189231,216.663
683,43.878999,152.542291,9092.412,9122.862,0.07191268,216.619
684,43.787309,152.447037,9105.153,9135.646,0.07193304,216.575
685,43.695807,152.351679,9117.889,9148.424,0.07195348,216.531
686,43.604494,152.256217,9130.620,9161.198,0.07197373,216.487
687,43.513371,152.160649,9143.347,9173.967,0.07199404,216.443
688,43.422438,152.064973,9156.069,9186.732,0.07201416,216.398
689,43.331695,151.969188,9168.787,9199.493,0.07203429,216.354
690,43.241143,151.873292,9181.500,9212.249,0.07205449,216.310
691,43.150781,151.777284,9194.210,9225.000,0.07207456,216.266
692,43.060612,151.681163,9206.915,9237.748,0.07209457,216.222
693,42.970635,151.584927,9219.616,9250.492,0.07211451,216.178
694,42.880848,151.488575,9232.313,9263.232,0.07213433,216.135
695,42.791252,151.392109,9245.007,9275.968,0.07215430,216.091
696,42.701843,151.295528,9257.697,9288.700,0.07217419,216.047
697,42.612620,151.198833,9270.384,9301.429,0.07219389,216.003
698,42.523582,151.102025,9283.067,9314.156,0.07221380,215.959
699,42.434727,151.005104,9295.748,9326.878,0.07223330,215.916
700,42.346052,150.908072,9308.425,9339.599,0.07225296,215.872
701,42.257558,150.810927,9321.100,9352.316,0.07227261,215.828
702,42.169241,150.713672,9333.773,9365.031,0.07229207,215.785
703,42.081100,150.616306,9346.443,9377.744,0.07231167,215.741
704,41.993134,150.518830,9359.111,9390.454,0.07233121,215.698
705,41.905340,150.421245,9371.777,9403.163,0.07235061,215.655
706,41.817718,150.323552,9384.442,9415.869,0.07236988,215.611
707,41.730266,150.225750,9397.104,9428.574,0.07238917,215.568
708,41.642981,150.127840,9409.765,9441.278,0.07240845,215.525
709,41.555863,150.029824,9422.425,9453.980,0.07242782,215.481
710,41.468909,149.931701,9435.083,9466.681,0.07244685,215.438
711,41.382119,149.833472,9447.741,9479.380,0.07246608,215.395
712,41.295490,149.735138,9460.397,9492.079,0.07248512,215.352
713,41.209022,149.636700,9473.053,9504.777,0.07250416,215.309
714,41.122712,149.538157,9485.708,9517.475,0.07252307,215.266
715,41.036558,149.439511,9498.362,9530.172,0.07254219,215.223
716,40.950560,149.340762,9511.017,9542.868,0.07256098,215.181
717,40.864716,149.241911,9523.671,9555.565,0.07257997,215.138
718,40.779024,149.142959,9536.325,9568.261,0.07259870,215.095
719,40.693482,149.043905,9548.979,9580.958,0.07261757,215.053
720,40.608090,148.944751,9561.633,9593.654,0.07263631,215.010
721,40.522845,148.845498,9574.288,9606.351,0.07265498,214.968
722,40.437746,148.746145,9586.943,9619.049,0.07267360,214.925
723,40.352792,148.646694,9599.598,9631.747,0.07269214,214.883
724,40.267981,148.547145,9612.255,9644.446,0.07271091,214.841
725,40.183311,148.447498,9624.912,9657.145,0.07272926,214.798
726,40.098782,148.347756,9637.570,9669.846,0.07274762,214.756
727,40.014391,148.247917,9650.230,9682.548,0.07276619,214.714
728,39.930137,148.147983,9662.890,9695.251,0.07278449,214.672
729,39.846019,148.047954,9675.552,9707.955,0.07280301,214.630
730,39.762035,147.947832,9688.216,9720.661,0.07282117,214.588
731,39.678183,147.847616,9700.881,9733.368,0.07283942,214.546
732,39.594463,147.747307,9713.547,9746.077,0.07285769,214.505
733,39.510873,147.646907,9726.216,9758.788,0.07287579,214.463
734,39.427411,147.546415,9738.886,9771.501,0.07289392,214.421
735,39.344076,147.445833,9751.558,9784.216,0.07291205,214.380
736,39.260867,147.345160,9764.233,9796.933,0.07293012,214.338
737,39.177782,147.244399,9776.910,9809.652,0.07294812,214.297
738,39.094819,147.143548,9789.589,9822.373,0.07296605,214.256
739,39.011978,147.042610,9802.270,9835.097,0.07298400,214.214
740,38.929257,146.941585,9814.954,9847.824,0.07300189,214.173
741,38.846654,146.840473,9827.641,9860.553,0.07301969,214.132
742,38.764169,146.739275,9840.330,9873.285,0.07303744,214.091
743,38.681799,146.637992,9853.022,9886.019,0.07305519,214.050
744,38.599544,146.536624,9865.718,9898.757,0.07307304,214.009
745,38.517402,146.435173,9878.416,9911.498,0.07309052,213.969
746,38.435371,146.333638,9891.117,9924.241,0.07310822,213.928
747,38.353451,146.232022,9903.821,9936.988,0.07312573,213.887
748,38.271640,146.130323,9916.529,9949.739,0.07314336,213.847
749,38.189937,146.028544,9929.240,9962.492,0.07316087,213.806
750,38.108340,145.926685,9941.954,9975.249,0.07317832,213.766
751,38.026848,145.824746,9954.672,9988.010,0.07319577,213.725
752,37.945461,145.722728,9967.394,10000.774,0.07321315,213.685
753,37.864175,145.620632,9980.119,10013.542,0.07323047,213.645
754,37.782991,145.518459,9992.848,10026.313,0.07324766,213.605
755,37.701907,145.416210,10005.581,10039.089,0.07326506,213.565
756,37.620921,145.313884,10018.318,10051.868,0.07328225,213.525
757,37.540033,145.211484,10031.058,10064.652,0.07329945,213.485
758,37.459241,145.109009,10043.803,10077.439,0.07331651,213.445
759,37.378544,145.006461,10056.552,10090.231,0.07333366,213.406
760,37.297941,144.903839,10069.305,10103.026,0.07335066,213.366
761,37.217429,144.801146,10082.062,10115.826,0.07336780,213.327
762,37.137009,144.698381,10094.824,10128.631,0.07338461,213.287
763,37.056679,144.595546,10107.590,10141.439,0.07340149,213.248
764,36.976438,144.492641,10120.360,10154.253,0.07341851,213.209
765,36.896284,144.389667,10133.135,10167.070,0.07343540,213.169
766,36.816217,144.286625,10145.915,10179.893,0.07345215,213.130
767,36.736234,144.183515,10158.699,10192.720,0.07346898,213.091
768,36.656336,144.080338,10171.488,10205.551,0.07348567,213.052
769,36.576520,143.977096,10184.281,10218.387,0.07350230,213.013
770,36.496786,143.873788,10197.079,10231.229,0.07351907,212.975
771,36.417132,143.770416,10209.882,10244.074,0.07353570,212.936
772,36.337557,143.666980,10222.690,10256.925,0.07355221,212.897
773,36.258061,143.563482,10235.503,10269.781,0.07356878,212.859
774,36.178641,143.459921,10248.321,10282.642,0.07358536,212.820
775,36.099297,143.356300,10261.144,10295.508,0.07360180,212.782
776,36.020028,143.252618,10273.972,10308.379,0.07361818,212.744
777,35.940832,143.148876,10286.805,10321.255,0.07363471,212.706
778,35.861709,143.045075,10299.643,10334.136,0.07365081,212.667
779,35.782656,142.941217,10312.486,10347.022,0.07366720,212.629
780,35.703675,142.837301,10325.335,10359.914,0.07368346,212.592
781,35.624762,142.733328,10338.189,10372.811,0.07369971,212.554
782,35.545917,142.629301,10351.048,10385.713,0.07371591,212.516
783,35.467139,142.525218,10363.912,10398.620,0.07373203,212.478
784,35.388427,142.421081,10376.782,10411.533,0.07374816,212.441
785,35.309779,142.316892,10389.658,10424.452,0.07376430,212.403
786,35.231196,142.212649,10402.538,10437.376,0.07378023,212.366
787,35.152674,142.108356,10415.424,10450.305,0.07379638,212.328
788,35.074215,142.004012,10428.316,10463.240,0.07381225,212.291
789,34.995816,141.899618,10441.213,10476.180,0.07382811,212.254
790,34.917476,141.795175,10454.116,10489.126,0.07384399,212.217
791,34.839195,141.690684,10467.024,10502.077,0.07385980,212.180
792,34.760972,141.586145,10479.938,10515.034,0.07387568,212.143
793,34.682805,141.481560,10492.857,10527.997,0.07389128,212.106
794,34.604693,141.376929,10505.782,10540.965,0.07390725,212.069
795,34.526635,141.272254,10518.713,10553.939,0.07392286,212.033
796,34.448631,141.167535,10531.649,10566.919,0.07393841,211.996
797,34.370680,141.062772,10544.591,10579.904,0.07395417,211.960
798,34.292780,140.957968,10557.539,10592.895,0.07396965,211.923
799,34.214930,140.853122,10570.492,10605.892,0.07398514,211.887
800,34.137130,140.748235,10583.452,10618.895,0.07400071,211.851
801,34.059379,140.643309,10596.416,10631.903,0.07401621,211.815
802,33.981675,140.538344,10609.387,10644.917,0.07403149,211.779
803,33.904017,140.433341,10622.364,10657.937,0.07404692,211.743
804,33.826405,140.328301,10635.346,10670.963,0.07406229,211.707
805,33.748838,140.223224,10648.334,10683.994,0.07407752,211.671
806,33.671315,140.118113,10661.327,10697.031,0.07409276,211.635
807,33.593835,140.012967,10674.327,10710.074,0.07410792,211.600
808,33.516397,139.907787,10687.332,10723.123,0.07412331,211.564
809,33.439000,139.802575,10700.343,10736.178,0.07413840,211.529
810,33.361643,139.697331,10713.360,10749.238,0.07415351,211.494
811,33.284325,139.592055,10726.383,10762.305,0.07416841,211.458
812,33.207046,139.486750,10739.411,10775.377,0.07418352,211.423
813,33.129804,139.381416,10752.446,10788.455,0.07419843,211.388
814,33.052599,139.276053,10765.486,10801.539,0.07421342,211.353
815,32.975429,139.170663,10778.532,10814.628,0.07422853,211.318
816,32.898295,139.065246,10791.583,10827.724,0.07424331,211.283
817,32.821194,138.959803,10804.641,10840.825,0.07425816,211.249
818,32.744127,138.854336,10817.704,10853.932,0.07427288,211.214
819,32.667092,138.748845,10830.773,10867.044,0.07428773,211.180
820,32.590088,138.643331,10843.848,10880.163,0.07430252,211.145
821,32.513115,138.537795,10856.928,10893.287,0.07431717,211.111
822,32.436172,138.432238,10870.014,10906.417,0.07433169,211.076
823,32.359258,138.326661,10883.106,10919.553,0.07434613,211.042
824,32.282373,138.221064,10896.204,10932.695,0.07436080,211.008
825,32.205514,138.115448,10909.308,10945.842,0.07437539,210.974
826,32.128682,138.009815,10922.417,10958.995,0.07438978,210.940
827,32.051876,137.904166,10935.531,10972.154,0.07440437,210.906
828,31.975095,137.798501,10948.652,10985.318,0.07441869,210.873
829,31.898339,137.692820,10961.778,10998.488,0.07443309,210.839
830,31.821605,137.587126,10974.910,11011.664,0.07444735,210.806
831,31.744895,137.481419,10988.047,11024.845,0.07446175,210.772
832,31.668206,137.375700,11001.190,11038.032,0.07447594,210.739
833,31.591538,137.269970,11014.338,11051.224,0.07449014,210.705
834,31.514891,137.164229,11027.492,11064.422,0.07450427,210.672
835,31.438264,137.058479,11040.652,11077.626,0.07451840,210.639
836,31.361655,136.952720,11053.817,11090.835,0.07453246,210.606
837,31.285065,136.846954,11066.987,11104.050,0.07454661,210.573
838,31.208492,136.741181,11080.163,11117.270,0.07456074,210.540
839,31.131936,136.635403,11093.345,11130.495,0.07457446,210.508
840,31.055395,136.529620,11106.531,11143.726,0.07458840,210.475
841,30.978871,136.423833,11119.724,11156.963,0.07460234,210.442
842,30.902360,136.318043,11132.921,11170.204,0.07461606,210.410
843,30.825864,136.212251,11146.124,11183.452,0.07462993,210.378
844,30.749381,136.106458,11159.332,11196.704,0.07464388,210.345
845,30.672910,136.000664,11172.546,11209.962,0.07465747,210.313
846,30.596451,135.894872,11185.764,11223.224,0.07467122,210.281
847,30.520004,135.789081,11198.988,11236.492,0.07468474,210.249
848,30.443566,135.683293,11212.217,11249.766,0.07469827,210.217
849,30.367139,135.577508,11225.451,11263.044,0.07471209,210.185
850,30.290721,135.471728,11238.690,11276.328,0.07472555,210.153
851,30.214311,135.365953,11251.935,11289.616,0.07473896,210.122
852,30.137909,135.260185,11265.184,11302.910,0.07475236,210.090
853,30.061515,135.154423,11278.438,11316.209,0.07476570,210.059
854,29.985126,135.048670,11291.697,11329.512,0.07477932,210.027
855,29.908744,134.942926,11304.962,11342.821,0.07479244,209.996
856,29.832368,134.837192,11318.231,11356.134,0.07480571,209.965
857,29.755995,134.731469,11331.504,11369.453,0.07481906,209.934
858,29.679627,134.625758,11344.783,11382.776,0.07483205,209.903
859,29.603263,134.520060,11358.067,11396.104,0.07484525,209.872
860,29.526901,134.414376,11371.355,11409.437,0.07485825,209.841
861,29.450542,134.308706,11384.648,11422.774,0.07487147,209.810
862,29.374184,134.203052,11397.945,11436.116,0.07488447,209.779
863,29.297827,134.097414,11411.247,11449.463,0.07489741,209.749
864,29.221471,133.991794,11424.554,11462.814,0.07491034,209.718
865,29.145114,133.886193,11437.865,11476.170,0.07492335,209.688
866,29.068757,133.780610,11451.181,11489.530,0.07493600,209.658
867,28.992399,133.675048,11464.501,11502.895,0.07494895,209.628
868,28.916039,133.569507,11477.825,11516.264,0.07496176,209.597
869,28.839677,133.463989,11491.154,11529.637,0.07497443,209.567
870,28.763311,133.358493,11504.487,11543.015,0.07498708,209.537
871,28.686942,133.253022,11517.825,11556.397,0.07499962,209.508
872,28.610569,133.147575,11531.166,11569.783,0.07501243,209.478
873,28.534192,133.042154,11544.512,11583.174,0.07502475,209.448
874,28.457809,132.936760,11557.862,11596.568,0.07503729,209.419
875,28.381421,132.831394,11571.215,11609.967,0.07504976,209.389
876,28.305027,132.726057,11584.573,11623.369,0.07506215,209.360
877,28.228626,132.620749,11597.935,11636.776,0.07507462,209.331
878,28.152217,132.515471,11611.301,11650.186,0.07508674,209.301
879,28.075801,132.410225,11624.670,11663.600,0.07509900,209.272
880,27.999377,132.305012,11638.044,11677.019,0.07511140,209.243
881,27.922944,132.199831,11651.421,11690.440,0.07512346,209.214
882,27.846502,132.094685,11664.801,11703.866,0.07513558,209.185
883,27.770050,131.989575,11678.186,11717.295,0.07514771,209.157
884,27.693588,131.884500,11691.574,11730.728,0.07515985,209.128
885,27.617115,131.779462,11704.965,11744.164,0.07517191,209.100
886,27.540631,131.674462,11718.360,11757.604,0.07518382,209.071
887,27.464135,131.569501,11731.759,11771.048,0.07519560,209.043
888,27.387628,131.464580,11745.161,11784.494,0.07520739,209.014
889,27.311107,131.359700,11758.566,11797.944,0.07521931,208.986
890,27.234574,131.254861,11771.974,11811.398,0.07523117,208.958
891,27.158026,131.150064,11785.386,11824.854,0.07524282,208.930
892,27.081465,131.045312,11798.801,11838.314,0.07525454,208.902
893,27.004890,130.940603,11812.219,11851.777,0.07526612,208.874
894,26.928299,130.835940,11825.640,11865.243,0.07527769,208.847
895,26.851694,130.731323,11839.064,11878.712,0.07528935,208.819
896,26.775072,130.626753,11852.490,11892.183,0.07530072,208.792
897,26.698434,130.522232,11865.920,11905.658,0.07531224,208.764
898,26.621780,130.417759,11879.353,11919.136,0.07532348,208.737
899,26.545108,130.313336,11892.788,11932.616,0.07533492,208.710
900,26.468419,130.208964,11906.226,11946.099,0.07534623,208.682
901,26.391712,130.104644,11919.667,11959.585,0.07535747,208.655
902,26.314986,130.000376,11933.110,11973.073,0.07536857,208.628
903,26.238242,129.896162,11946.556,11986.564,0.07537988,208.601
904,26.161478,129.792002,11960.004,12000.057,0.07539106,208.575
905,26.084695,129.687897,11973.454,12013.553,0.07540201,208.548
906,26.007892,129.583849,11986.907,12027.051,0.07541312,208.521
907,25.931069,129.479858,12000.362,12040.551,0.07542402,208.495
908,25.854224,129.375925,12013.820,12054.053,0.07543512,208.468
909,25.777359,129.272050,12027.280,12067.558,0.07544580,208.442
910,25.700471,129.168236,12040.741,12081.065,0.07545670,208.416
911,25.623562,129.064482,12054.205,12094.574,0.07546738,208.390
912,25.546630,128.960790,12067.671,12108.085,0.07547808,208.364
913,25.469676,128.857161,12081.138,12121.597,0.07548875,208.338
914,25.392698,128.753595,12094.608,12135.112,0.07549945,208.312
915,25.315697,128.650093,12108.079,12148.628,0.07550992,208.286
916,25.238672,128.546656,12121.552,12162.147,0.07552055,208.260
917,25.161623,128.443286,12135.027,12175.666,0.07553096,208.235
918,25.084549,128.339982,12148.504,12189.188,0.07554136,208.209
919,25.007450,128.236747,12161.981,12202.711,0.07555171,208.184
920,24.930325,128.133579,12175.461,12216.236,0.07556212,208.159
921,24.853175,128.030482,12188.942,12229.761,0.07557233,208.133
922,24.775999,127.927455,12202.424,12243.289,0.07558253,208.108
923,24.698796,127.824499,12215.907,12256.817,0.07559273,208.083
924,24.621567,127.721616,12229.392,12270.347,0.07560279,208.058
925,24.544310,127.618806,12242.878,12283.878,0.07561293,208.034
926,24.467026,127.516069,12256.365,12297.411,0.07562285,208.009
927,24.389714,127.413408,12269.853,12310.944,0.07563278,207.984
928,24.312373,127.310822,12283.342,12324.478,0.07564270,207.960
929,24.235004,127.208313,12296.832,12338.013,0.07565248,207.935
930,24.157607,127.105881,12310.323,12351.549,0.07566241,207.911
931,24.080180,127.003528,12323.815,12365.086,0.07567213,207.887
932,24.002723,126.901253,12337.307,12378.624,0.07568185,207.862
933,23.925236,126.799059,12350.800,12392.162,0.07569149,207.838
934,23.847720,126.696946,12364.294,12405.701,0.07570100,207.814
935,23.770172,126.594914,12377.788,12419.241,0.07571065,207.790
936,23.692594,126.492965,12391.283,12432.781,0.07572000,207.767
937,23.614985,126.391099,12404.778,12446.321,0.07572944,207.743
938,23.537344,126.289317,12418.274,12459.862,0.07573881,207.719
939,23.459671,126.187621,12431.770,12473.403,0.07574818,207.696
940,23.381966,126.086010,12445.266,12486.944,0.07575747,207.672
941,23.304229,125.984486,12458.762,12500.486,0.07576656,207.649
942,23.226459,125.883050,12472.259,12514.027,0.07577585,207.626
943,23.148655,125.781703,12485.755,12527.569,0.07578480,207.603
944,23.070818,125.680444,12499.252,12541.111,0.07579382,207.579
945,22.992948,125.579276,12512.748,12554.652,0.07580304,207.557
946,22.915043,125.478198,12526.244,12568.194,0.07581177,207.534
947,22.837104,125.377213,12539.740,12581.735,0.07582073,207.511
948,22.759130,125.276320,12553.236,12595.276,0.07582967,207.488
949,22.681122,125.175520,12566.732,12608.817,0.07583848,207.466
950,22.603077,125.074814,12580.227,12622.357,0.07584700,207.443
951,22.524998,124.974204,12593.722,12635.897,0.07585573,207.421
952,22.446882,124.873689,12607.216,12649.437,0.07586447,207.398
953,22.368731,124.773271,12620.710,12662.975,0.07587285,207.376
954,22.290542,124.672951,12634.203,12676.514,0.07588138,207.354
955,22.212317,124.572729,12647.695,12690.051,0.07588975,207.332
956,22.134055,124.472605,12661.187,12703.588,0.07589828,207.310
957,22.055755,124.372582,12674.677,12717.124,0.07590646,207.288
958,21.977418,124.272659,12688.167,12730.659,0.07591490,207.267
959,21.899043,124.172838,12701.657,12744.193,0.07592301,207.245
960,21.820629,124.073119,12715.145,12757.727,0.07593103,207.223
961,21.742177,123.973503,12728.632,12771.259,0.07593906,207.202
962,21.663686,123.873991,12742.118,12784.790,0.07594724,207.181
963,21.585155,123.774583,12755.602,12798.320,0.07595527,207.159
964,21.506586,123.675281,12769.086,12811.849,0.07596308,207.138
965,21.427976,123.576085,12782.568,12825.376,0.07597104,207.117
966,21.349326,123.476995,12796.049,12838.902,0.07597879,207.096
967,21.270636,123.378014,12809.529,12852.427,0.07598647,207.075
968,21.191906,123.279141,12823.007,12865.950,0.07599429,207.054
969,21.113134,123.180377,12836.484,12879.472,0.07600203,207.034
970,21.034321,123.081723,12849.959,12892.993,0.07600950,207.013
971,20.955467,122.983180,12863.432,12906.511,0.07601704,206.992
972,20.876570,122.884749,12876.904,12920.028,0.07602450,206.972
973,20.797632,122.786430,12890.374,12933.543,0.07603196,206.952
974,20.718651,122.688223,12903.843,12947.057,0.07603928,206.931
975,20.639628,122.590131,12917.309,12960.568,0.07604653,206.911
976,20.560561,122.492153,12930.774,12974.078,0.07605378,206.891
977,20.481451,122.394290,12944.237,12987.586,0.07606089,206.871
978,20.402298,122.296544,12957.697,13001.092,0.07606807,206.851
979,20.323100,122.198914,12971.156,13014.595,0.07607511,206.832
980,20.243859,122.101401,12984.612,13028.097,0.07608207,206.812
981,20.164573,122.004007,12998.067,13041.596,0.07608890,206.792
982,20.085242,121.906732,13011.519,13055.093,0.07609579,206.773
983,20.005866,121.809576,13024.969,13068.588,0.07610255,206.753
984,19.926445,121.712541,13038.416,13082.081,0.07610951,206.734
985,19.846978,121.615627,13051.861,13095.571,0.07611613,206.715
986,19.767465,121.518835,13065.304,13109.059,0.07612274,206.696
987,19.687906,121.422165,13078.744,13122.544,0.07612928,206.677
988,19.608300,121.325619,13092.182,13136.027,0.07613567,206.658
989,19.528647,121.229196,13105.617,13149.507,0.07614221,206.639
990,19.448947,121.132898,13119.050,13162.985,0.07614867,206.620
991,19.369200,121.036726,13132.480,13176.460,0.07615501,206.601
992,19.289405,120.940680,13145.907,13189.932,0.07616119,206.583
993,19.209562,120.844760,13159.332,13203.401,0.07616745,206.564
994,19.129670,120.748968,13172.753,13216.868,0.07617355,206.546
995,19.049730,120.653304,13186.172,13230.332,0.07617952,206.528
996,18.969741,120.557769,13199.588,13243.792,0.07618572,206.509
997,18.889702,120.462363,13213.001,13257.250,0.07619160,206.491
998,18.809614,120.367088,13226.411,13270.705,0.07619743,206.473
999,18.729476,120.271944,13239.818,13284.157,0.07620340,206.455
1000,18.649287,120.176931,13253.221,13297.606,0.07620908,206.438
1001,18.569048,120.082050,13266.622,13311.051,0.07621484,206.420
1002,18.488758,119.987302,13280.020,13324.493,0.07622045,206.402
1003,18.408417,119.892688,13293.414,13337.933,0.07622613,206.385
1004,18.328024,119.798209,13306.805,13351.368,0.07623167,206.367
1005,18.247579,119.703864,13320.193,13364.801,0.07623707,206.350
1006,18.167083,119.609654,13333.577,13378.230,0.07624254,206.332
1007,18.086533,119.515581,13346.958,13391.656,0.07624801,206.315
1008,18.005931,119.421645,13360.336,13405.078,0.07625319,206.298
1009,17.925276,119.327846,13373.710,13418.497,0.07625844,206.281
1010,17.844567,119.234186,13387.080,13431.913,0.07626362,206.264
1011,17.763804,119.140664,13400.448,13445.325,0.07626859,206.247
1012,17.682987,119.047282,13413.811,13458.733,0.07627364,206.231
1013,17.602115,118.954040,13427.171,13472.138,0.07627860,206.214
1014,17.521189,118.860939,13440.527,13485.539,0.07628342,206.197
1015,17.440207,118.767979,13453.880,13498.936,0.07628839,206.181
1016,17.359170,118.675161,13467.229,13512.329,0.07629320,206.165
1017,17.278077,118.582485,13480.574,13525.719,0.07629796,206.148
1018,17.196928,118.489953,13493.915,13539.105,0.07630250,206.132
1019,17.115722,118.397565,13507.253,13552.487,0.07630718,206.116
1020,17.034459,118.305321,13520.586,13565.866,0.07631171,206.100
1021,16.953138,118.213223,13533.916,13579.240,0.07631610,206.084
1022,16.871760,118.121270,13547.242,13592.611,0.07632072,206.068
1023,16.790324,118.029463,13560.564,13605.977,0.07632490,206.052
1024,16.708830,117.937804,13573.882,13619.340,0.07632943,206.037
1025,16.627276,117.846292,13587.196,13632.698,0.07633354,206.021
1026,16.545664,117.754928,13600.505,13646.053,0.07633771,206.006
1027,16.463992,117.663713,13613.811,13659.403,0.07634167,205.990
1028,16.382260,117.572647,13627.113,13672.749,0.07634585,205.975
1029,16.300467,117.481731,13640.411,13686.091,0.07634974,205.960
1030,16.218614,117.390966,13653.704,13699.429,0.07635370,205.945
1031,16.136700,117.300352,13666.993,13712.763,0.07635767,205.930
1032,16.054724,117.209889,13680.278,13726.093,0.07636148,205.915
1033,15.972687,117.119579,13693.559,13739.418,0.07636508,205.900
1034,15.890587,117.029422,13706.836,13752.739,0.07636876,205.885
1035,15.808424,116.939418,13720.108,13766.056,0.07637228,205.870
1036,15.726198,116.849568,13733.377,13779.369,0.07637596,205.856
1037,15.643909,116.759873,13746.640,13792.677,0.07637942,205.841
1038,15.561556,116.670332,13759.900,13805.981,0.07638265,205.827
1039,15.479139,116.580948,13773.155,13819.280,0.07638612,205.813
1040,15.396656,116.491720,13786.406,13832.575,0.07638944,205.798
1041,15.314109,116.402648,13799.652,13845.866,0.07639267,205.784
1042,15.231496,116.313734,13812.894,13859.153,0.07639584,205.770
1043,15.148817,116.224978,13826.132,13872.435,0.07639894,205.756
1044,15.066071,116.136381,13839.365,13885.712,0.07640204,205.742
1045,14.983259,116.047942,13852.594,13898.985,0.07640491,205.728
1046,14.900379,115.959663,13865.818,13912.254,0.07640780,205.715
1047,14.817431,115.871545,13879.038,13925.518,0.07641068,205.701
1048,14.734415,115.783586,13892.253,13938.777,0.07641356,205.688
1049,14.651331,115.695790,13905.464,13952.033,0.07641622,205.674
1050,14.568177,115.608155,13918.671,13965.283,0.07641903,205.661
1051,14.484953,115.520682,13931.873,13978.529,0.07642141,205.648
1052,14.401659,115.433372,13945.070,13991.771,0.07642407,205.634
1053,14.318295,115.346225,13958.263,14005.008,0.07642645,205.621
1054,14.234860,115.259242,13971.451,14018.241,0.07642883,205.608
1055,14.151353,115.172424,13984.635,14031.469,0.07643120,205.595
1056,14.067774,115.085770,13997.814,14044.692,0.07643358,205.582
1057,13.984122,114.999283,14010.989,14057.911,0.07643588,205.570
1058,13.900398,114.912960,14024.159,14071.125,0.07643797,205.557
1059,13.816600,114.826805,14037.325,14084.335,0.07644005,205.545
1060,13.732728,114.740816,14050.486,14097.540,0.07644200,205.532
1061,13.648781,114.654995,14063.643,14110.741,0.07644409,205.520
1062,13.564759,114.569342,14076.795,14123.937,0.07644589,205.507
1063,13.480662,114.483858,14089.943,14137.129,0.07644776,205.495
1064,13.396489,114.398542,14103.086,14150.316,0.07644955,205.483
1065,13.312239,114.313396,14116.224,14163.498,0.07645142,205.471
1066,13.227911,114.228420,14129.358,14176.676,0.07645300,205.459
1067,13.143506,114.143615,14142.487,14189.850,0.07645466,205.447
1068,13.059023,114.058980,14155.612,14203.019,0.07645610,205.435
1069,12.974461,113.974517,14168.733,14216.183,0.07645768,205.424
1070,12.889820,113.890226,14181.849,14229.343,0.07645897,205.412
1071,12.805099,113.806103,14194.961,14242.498,0.07646055,205.400
1072,12.720300,113.722148,14208.068,14255.650,0.07646163,205.389
1073,12.635421,113.638357,14221.172,14268.797,0.07646291,205.378
1074,12.550463,113.554731,14234.271,14281.941,0.07646407,205.366
1075,12.465427,113.471265,14247.367,14295.081,0.07646529,205.355
1076,12.380311,113.387959,14260.460,14308.217,0.07646629,205.344
1077,12.295116,113.304811,14273.549,14321.350,0.07646729,205.333
1078,12.209843,113.221818,14286.634,14334.479,0.07646815,205.322
1079,12.124491,113.138980,14299.717,14347.606,0.07646915,205.311
1080,12.039060,113.056293,14312.796,14360.729,0.07646994,205.301
1081,11.953551,112.973756,14325.873,14373.849,0.07647073,205.290
1082,11.867964,112.891367,14338.947,14386.967,0.07647137,205.279
1083,11.782298,112.809125,14352.018,14400.082,0.07647201,205.269
1084,11.696554,112.727028,14365.086,14413.194,0.07647258,205.258
1085,11.610732,112.645073,14378.153,14426.304,0.07647322,205.248
1086,11.524832,112.563260,14391.217,14439.412,0.07647357,205.238
1087,11.438855,112.481586,14404.278,14452.517,0.07647392,205.228
1088,11.352800,112.400050,14417.338,14465.620,0.07647426,205.217
1089,11.266668,112.318650,14430.395,14478.722,0.07647455,205.208
1090,11.180459,112.237384,14443.451,14491.821,0.07647461,205.198
1091,11.094173,112.156250,14456.505,14504.919,0.07647482,205.188
1092,11.007811,112.075248,14469.558,14518.015,0.07647510,205.178
1093,10.921372,111.994374,14482.609,14531.110,0.07647509,205.168
1094,10.834857,111.913629,14495.658,14544.203,0.07647501,205.159
1095,10.748266,111.833009,14508.706,14557.295,0.07647492,205.149
1096,10.661599,111.752514,14521.753,14570.385,0.07647477,205.140
1097,10.574857,111.672141,14534.799,14583.475,0.07647461,205.131
1098,10.488040,111.591890,14547.843,14596.563,0.07647424,205.122
1099,10.401149,111.511758,14560.887,14609.650,0.07647401,205.112
1100,10.314182,111.431744,14573.930,14622.737,0.07647350,205.103
1101,10.227142,111.351847,14586.972,14635.822,0.07647312,205.094
1102,10.140028,111.272065,14600.013,14648.907,0.07647268,205.086
1103,10.052840,111.192397,14613.053,14661.991,0.07647209,205.077
1104,9.965580,111.112840,14626.093,14675.075,0.07647149,205.068
1105,9.878246,111.033394,14639.133,14688.158,0.07647084,205.059
1106,9.790841,110.954057,14652.172,14701.241,0.07647017,205.051
1107,9.703363,110.874828,14665.210,14714.323,0.07646937,205.043
1108,9.615814,110.795705,14678.248,14727.405,0.07646848,205.034
1109,9.528193,110.716686,14691.287,14740.487,0.07646768,205.026
1110,9.440502,110.637771,14704.324,14753.568,0.07646681,205.018
1111,9.352741,110.558958,14717.362,14766.650,0.07646570,205.010
1112,9.264910,110.480245,14730.400,14779.731,0.07646453,205.002
1113,9.177010,110.401632,14743.438,14792.812,0.07646351,204.994
1114,9.089040,110.323116,14756.476,14805.894,0.07646234,204.986
1115,9.001003,110.244697,14769.513,14818.975,0.07646118,204.978
1116,8.912897,110.166374,14782.551,14832.057,0.07645986,204.970
1117,8.824725,110.088144,14795.590,14845.139,0.07645861,204.963
1118,8.736485,110.010006,14808.628,14858.221,0.07645716,204.955
1119,8.648179,109.931960,14821.667,14871.304,0.07645570,204.948
1120,8.559808,109.854004,14834.706,14884.386,0.07645431,204.941
1121,8.471371,109.776136,14847.745,14897.469,0.07645264,204.934
1122,8.382870,109.698356,14860.785,14910.553,0.07645111,204.926
1123,8.294305,109.620662,14873.826,14923.637,0.07644951,204.919
1124,8.205677,109.543054,14886.866,14936.721,0.07644797,204.912
1125,8.116986,109.465529,14899.907,14949.806,0.07644616,204.905
1126,8.028232,109.388087,14912.949,14962.891,0.07644419,204.899
1127,7.939418,109.310726,14925.991,14975.977,0.07644244,204.892
1128,7.850543,109.233445,14939.034,14989.064,0.07644047,204.885
1129,7.761607,109.156244,14952.077,15002.151,0.07643858,204.879
1130,7.672612,109.079120,14965.121,15015.238,0.07643654,204.872
1131,7.583559,109.002074,14978.166,15028.327,0.07643443,204.866
1132,7.494447,108.925103,14991.211,15041.415,0.07643246,204.860
1133,7.405279,108.848207,15004.257,15054.505,0.07643035,204.854
1134,7.316054,108.771384,15017.303,15067.595,0.07642817,204.848
1135,7.226773,108.694634,15030.350,15080.685,0.07642585,204.841
1136,7.137437,108.617955,15043.398,15093.777,0.07642359,204.836
1137,7.048047,108.541346,15056.446,15106.869,0.07642119,204.830
1138,6.958604,108.464807,15069.495,15119.961,0.07641871,204.824
1139,6.869108,108.388336,15082.544,15133.054,0.07641624,204.818
1140,6.779560,108.311932,15095.594,15146.148,0.07641385,204.813
1141,6.689962,108.235595,15108.645,15159.243,0.07641122,204.807
1142,6.600314,108.159322,15121.696,15172.337,0.07640876,204.802
1143,6.510616,108.083114,15134.748,15185.433,0.07640614,204.797
1144,6.420870,108.006970,15147.800,15198.529,0.07640337,204.791
1145,6.331077,107.930888,15160.853,15211.626,0.07640068,204.786
1146,6.241238,107.854867,15173.907,15224.723,0.07639800,204.781
1147,6.151353,107.778907,15186.961,15237.821,0.07639509,204.776
1148,6.061423,107.703006,15200.015,15250.919,0.07639233,204.771
1149,5.971450,107.627164,15213.070,15264.017,0.07638928,204.766
1150,5.881435,107.551380,15226.125,15277.116,0.07638644,204.762
1151,5.791377,107.475652,15239.181,15290.216,0.07638339,204.757
1152,5.701279,107.399981,15252.237,15303.315,0.07638063,204.753
1153,5.611142,107.324365,15265.293,15316.415,0.07637729,204.748
1154,5.520966,107.248803,15278.350,15329.516,0.07637431,204.744
1155,5.430752,107.173295,15291.406,15342.616,0.07637103,204.740
1156,5.340502,107.097840,15304.463,15355.717,0.07636791,204.735
1157,5.250217,107.022436,15317.521,15368.818,0.07636472,204.731
1158,5.159897,106.947084,15330.578,15381.919,0.07636152,204.727
1159,5.069544,106.871782,15343.635,15395.020,0.07635818,204.723
1160,4.979159,106.796530,15356.692,15408.121,0.07635484,204.719
1161,4.888743,106.721326,15369.749,15421.221,0.07635150,204.716
1162,4.798297,106.646171,15382.806,15434.322,0.07634794,204.712
1163,4.707823,106.571063,15395.863,15447.423,0.07634453,204.708
1164,4.617321,106.496001,15408.920,15460.523,0.07634112,204.705
1165,4.526793,106.420986,15421.976,15473.623,0.07633749,204.702
1166,4.436240,106.346015,15435.032,15486.723,0.07633393,204.698
1167,4.345663,106.271090,15448.087,15499.822,0.07633023,204.695
1168,4.255064,106.196208,15461.142,15512.920,0.07632674,204.692
1169,4.164443,106.121369,15474.196,15526.018,0.07632304,204.689
1170,4.073802,106.046573,15487.250,15539.116,0.07631927,204.686
1171,3.983143,105.971819,15500.303,15552.212,0.07631557,204.683
1172,3.892466,105.897107,15513.355,15565.308,0.07631172,204.680
1173,3.801772,105.822435,15526.406,15578.403,0.07630780,204.678
1174,3.711064,105.747803,15539.456,15591.497,0.07630410,204.675
1175,3.620342,105.673211,15552.505,15604.589,0.07630033,204.673
1176,3.529608,105.598658,15565.553,15617.681,0.07629626,204.670
1177,3.438864,105.524143,15578.600,15630.771,0.07629242,204.668
1178,3.348110,105.449666,15591.645,15643.860,0.07628843,204.666
1179,3.257347,105.375227,15604.689,15656.948,0.07628451,204.663
1180,3.166579,105.300824,15617.731,15670.033,0.07628044,204.661
1181,3.075805,105.226457,15630.771,15683.118,0.07627617,204.659
1182,2.985027,105.152127,15643.810,15696.200,0.07627225,204.657
1183,2.894247,105.077831,15656.847,15709.281,0.07626826,204.656
1184,2.803466,105.003571,15669.882,15722.360,0.07626398,204.654
1185,2.712685,104.929345,15682.915,15735.436,0.07625984,204.652
1186,2.621907,104.855153,15695.946,15748.511,0.07625557,204.651
1187,2.531132,104.780994,15708.975,15761.583,0.07625143,204.649
1188,2.440363,104.706868,15722.001,15774.653,0.07624716,204.648
1189,2.349600,104.632776,15735.024,15787.720,0.07624288,204.647
1190,2.258845,104.558715,15748.045,15800.784,0.07623852,204.645
1191,2.168100,104.484686,15761.064,15813.846,0.07623432,204.644
1192,2.077367,104.410688,15774.079,15826.905,0.07622990,204.643
1193,1.986646,104.336722,15787.091,15839.961,0.07622562,204.642
1194,1.895940,104.262787,15800.101,15853.014,0.07622120,204.641
1195,1.805250,104.188881,15813.107,15866.063,0.07621670,204.641
1196,1.714578,104.115006,15826.109,15879.110,0.07621250,204.640
1197,1.623925,104.041161,15839.108,15892.152,0.07620793,204.639
1198,1.533294,103.967345,15852.104,15905.191,0.07620344,204.639
1199,1.442685,103.893558,15865.095,15918.226,0.07619901,204.639
1200,1.352100,103.819800,15878.083,15931.258,0.07619429,204.638
